step,train_loss_raw,train_loss_smooth,val_loss_raw,val_loss_smooth
0,0.15365639328956604,0.15365639328956604,0.11173130571842194,0.11173130571842194
250,0.12995165586471558,0.1418040245771408,0.08946271985769272,0.10059701278805733
500,0.1252772957086563,0.13629511495431265,0.12293922901153564,0.10804441819588344
750,0.10737921297550201,0.12906613945960999,0.12581966817378998,0.11248823069036007
1000,0.13712146878242493,0.13067720532417298,0.07341273874044418,0.10467313230037689
1171,0.11333243548870087,0.1277864103515943,0.09654837846755981,0.10163654685020447
1421,0.10840809345245361,0.12501807936600276,0.10063882917165756,0.10387176871299744
1671,0.10041631758213043,0.12194285914301872,0.10642238706350327,0.10056840032339096
1921,0.1202915608882904,0.12175938155916002,0.09919716417789459,0.09524389952421189
2000,0.0982193797826767,0.11940538138151169,0.11882911622524261,0.10432717502117157
2171,0.09198685735464096,0.1169127882881598,0.12363522499799728,0.10974454432725907
2342,0.08810977637767792,0.11451253729561965,0.10881265252828598,0.11137930899858475
2592,0.10478010028600693,0.11376388829488021,0.10725829005241394,0.11154648959636689
2842,0.08238668739795685,0.11152265965938568,0.06681609153747559,0.10507027506828308
3092,0.08678367733955383,0.1098733941713969,0.1071416586637497,0.1027327835559845
3342,0.10134133696556091,0.10934014059603214,0.07361932843923569,0.09272960424423218
3513,0.06992893666028976,0.10702183448216494,0.07654483616352081,0.08627604097127914
3763,0.08667522668838501,0.1058914673825105,0.10995051264762878,0.08681448549032211
4000,0.09927266836166382,0.10554310953930805,0.09990593045949936,0.09343245327472686
4013,0.08580322563648224,0.10455611534416676,0.08555063605308533,0.089114248752594
4263,0.09411440789699554,0.10405889118001574,0.08412247896194458,0.09121487885713578
4513,0.0993061363697052,0.10384285687045618,0.1064877137541771,0.09720345437526703
4684,0.08406456559896469,0.10298293116300003,0.09242063015699387,0.09369747787714004
4934,0.09261634945869446,0.10255099025865395,0.08588903397321701,0.09089409857988358
5184,0.07781928032636642,0.10156172186136246,0.1019306480884552,0.09417010098695755
5434,0.07602643221616745,0.10057959533654727,0.09456197917461395,0.09625800102949142
5684,0.0864611566066742,0.10005669019840381,0.07633068412542343,0.09022659510374069
5855,0.1084592342376709,0.10035678105694908,0.09984670579433441,0.0917118102312088
6000,0.07348715513944626,0.09943024223220759,0.07479477673768997,0.08949295878410339
6105,0.09128372371196747,0.09915869161486626,0.10342629998922348,0.08979208916425704
6355,0.08238564431667328,0.09861762557298906,0.0938272774219513,0.08964514881372451
6605,0.08390790224075317,0.09815794671885669,0.06137065216898918,0.08665314242243767
6855,0.07211384177207947,0.0973687314174392,0.08545506000518799,0.08377481326460838
7026,0.0857984870672226,0.09702843011302106,0.09705593436956406,0.0882270447909832
7276,0.08728229999542236,0.09674996925251825,0.09776418656110764,0.08709462210536004
7526,0.07997927069664001,0.09628411651485497,0.08465723693370819,0.08526061400771141
7776,0.09700000286102295,0.09630346479448113,0.09100030362606049,0.09118654429912568
8000,0.07451823353767395,0.09573016923509146,0.08845499157905579,0.09178653061389923
8026,0.09916810691356659,0.09581832148325749,0.0999084860086441,0.09235704094171523
8276,0.0803314596414566,0.09543114993721247,0.0875248834490776,0.09030918031930923
8526,0.08810316026210785,0.09525241848172211,0.08091381192207336,0.08956049531698226
8776,0.08405383676290512,0.09498578558365504,0.072895348072052,0.08593950420618057
9026,0.0740133747458458,0.09449805509905483,0.1185285896062851,0.09195422381162643
9276,0.09756417572498322,0.09456773965873501,0.10350247472524643,0.0926730215549469
9447,0.08044342696666718,0.09425386604335573,0.0767611712217331,0.09052027910947799
9697,0.07821516692638397,0.09390519867124765,0.08101850003004074,0.09054121673107147
9947,0.08468860387802124,0.09370910090968963,0.09280263632535934,0.09452267438173294
10197,0.08118991553783417,0.09344828454777598,0.07662956416606903,0.08614286929368972
10276,0.06384295225143433,0.0928440940927486,0.0984349399805069,0.08512936234474182
10447,0.07085192203521729,0.09240425065159798,0.07849679887294769,0.08547648787498474
10618,0.07778790593147278,0.09088688090443611,0.08322636783123016,0.08591806143522263
10868,0.07080045342445374,0.08970385685563087,0.08188044279813766,0.08373362272977829
11118,0.08885368704795837,0.08897538468241692,0.08650469779968262,0.085708649456501
11368,0.09978753328323364,0.08882355108857155,0.10025988519191742,0.0860736384987831
11618,0.09913831204175949,0.08806388795375825,0.0890522226691246,0.08818472325801849
11789,0.08759452402591705,0.08754912972450256,0.10960640758275986,0.09346073120832443
12039,0.0822163075208664,0.08702529400587082,0.05434417724609375,0.08795347809791565
12276,0.07133970409631729,0.08644376173615456,0.0675233006477356,0.08415719866752625
12289,0.08815845102071762,0.0858010995388031,0.09991574287414551,0.08408837020397186
12539,0.09609066694974899,0.08575852528214455,0.10070531815290451,0.08641898930072785
12789,0.08754879236221313,0.08566976398229599,0.0896424651145935,0.08242620080709458
12960,0.08991238474845886,0.08570581614971161,0.09200805425643921,0.08995897620916367
13210,0.07908117026090622,0.0851918375492096,0.09858840703964233,0.09617199748754501
13460,0.07847718894481659,0.08511364758014679,0.08942098915576935,0.09407304674386978
13710,0.07560428977012634,0.08489005982875825,0.10905876010656357,0.09574373513460159
13960,0.08628526329994202,0.08458893835544586,0.0949767529964447,0.09681059271097184
14131,0.10962620377540588,0.08538288369774819,0.09098055958747864,0.09660509377717971
14276,0.07128509879112244,0.08507508113980293,0.09727834910154343,0.09634308218955993
14381,0.07530255615711212,0.0845956788957119,0.09013926237821579,0.09648673683404922
14631,0.06734567880630493,0.08422652795910836,0.09744226932525635,0.09416343867778779
14881,0.07582897692918777,0.0838608193397522,0.08268356323242188,0.09170480072498322
15131,0.06826053559780121,0.08323990732431412,0.12591245770454407,0.0986911803483963
15302,0.07843481004238129,0.08312731221318245,0.10763920843601227,0.10076335221529006
15552,0.0842626616358757,0.08296023845672608,0.07060419023036957,0.09685633778572082
15802,0.07781573385000229,0.08296016752719879,0.08992265164852142,0.09535241425037384
16052,0.0981893241405487,0.08340342536568641,0.09446030110120773,0.09770776182413102
16276,0.07198374718427658,0.08311387717723846,0.09886075556278229,0.09229742139577865
16302,0.07632231712341309,0.08247113883495331,0.06493484973907471,0.08375654965639115
16473,0.0989009290933609,0.08297941431403161,0.11678342521190643,0.09299239665269851
16723,0.07427220046520233,0.0826391838490963,0.06622900813817978,0.0882536679506302
16973,0.07644956558942795,0.0825204622745514,0.09050540626049042,0.08746268898248673
17223,0.0858611911535263,0.08255952805280685,0.06930199265480042,0.08155093640089035
17473,0.08381661027669907,0.08279358342289925,0.06398317962884903,0.08136060237884521
17723,0.06602724641561508,0.0823981586098671,0.07290541380643845,0.07258500009775162
17973,0.07214008271694183,0.08209531426429749,0.1020381897687912,0.0797468364238739
18223,0.06791269779205322,0.08185398280620575,0.0906967744231224,0.0797851100564003
18473,0.08418777585029602,0.0815977382659912,0.08454763144254684,0.08283423781394958
18723,0.08177647739648819,0.0817429031431675,0.07868268340826035,0.08577413856983185
18894,0.07214763015508652,0.08120249360799789,0.08575284481048584,0.08834362477064132
19144,0.07312643527984619,0.08105839312076568,0.08410277217626572,0.08475654125213623
19394,0.07282786816358566,0.08075288727879525,0.09618313610553741,0.08585381358861924
19644,0.07545439898967743,0.08058089852333068,0.06359855085611343,0.08166399747133254
19723,0.06857238709926605,0.0804720787703991,0.08795817196369171,0.08351909518241882
19894,0.08838548511266708,0.08028850495815278,0.09371157735586166,0.085110841691494
20065,0.0700574740767479,0.08008078590035439,0.07616856694221497,0.08352400064468384
20315,0.07818669080734253,0.08008021637797355,0.1045432910323143,0.08519603163003922
20565,0.08544298261404037,0.08009530395269394,0.06566296517848969,0.08560891449451447
20815,0.06699361652135849,0.07981137797236443,0.08777523040771484,0.08557232618331909
21065,0.0850512683391571,0.08023554429411889,0.11023246496915817,0.0888765037059784
21236,0.07823339104652405,0.08038317367434501,0.08755515515804291,0.09115382134914399
21486,0.08569427579641342,0.08054130107164383,0.07728081941604614,0.08570132702589035
21723,0.07692363858222961,0.08066376477479935,0.0920560359954834,0.09097994118928909
21736,0.08369980752468109,0.0805606871843338,0.07405170798301697,0.08823523670434952
21986,0.057974498718976974,0.07972442649304867,0.07592485100030899,0.08137371391057968
22236,0.07244013994932175,0.07919046305119991,0.06659498065710068,0.07718167901039123
22407,0.08975130319595337,0.07923359863460064,0.07155264914035797,0.0760360449552536
22657,0.08682496845722198,0.07932577185332775,0.08593384921550751,0.07481160759925842
22907,0.0719989687204361,0.07933895714581013,0.08938957750797272,0.07787918150424958
23157,0.07472428679466248,0.07907027386128902,0.06644332408905029,0.07598287612199783
23407,0.0757221132516861,0.07866290278732777,0.07922099530696869,0.07850807905197144
23578,0.06804056465625763,0.07827273823320866,0.057069163769483566,0.07561138197779656
23723,0.07523425668478012,0.07797917567193507,0.08798027038574219,0.07602066621184349
23828,0.07801008969545364,0.07795775406062604,0.08577130734920502,0.07529701218008995
24078,0.07600630074739456,0.0779083362966776,0.09404665231704712,0.08081767782568931
24328,0.06198929250240326,0.07763603635132313,0.07363708317279816,0.0797008953988552
24578,0.0704684853553772,0.07731970079243183,0.12761211395263672,0.09380948543548584
24749,0.07638759911060333,0.07665492869913577,0.0859418511390686,0.09340180158615112
24999,0.06453220546245575,0.07651987083256245,0.0629751905798912,0.08884257823228836
25249,0.05772101506590843,0.07616824001073837,0.09276917576789856,0.08858708292245865
25499,0.07657517492771149,0.0763528299331665,0.08127088844776154,0.09011384397745133
25723,0.06637481600046158,0.07616374671459197,0.08334246277809143,0.08125991374254227
25749,0.07105278968811035,0.07621959179639816,0.07554608583450317,0.07918076068162919
25920,0.06701302528381348,0.07599115610122681,0.08325834572315216,0.08323739171028137
26170,0.06863456964492798,0.07567859426140786,0.09044008702039719,0.0827715739607811
26420,0.07827559113502502,0.07568779140710831,0.07509022951126099,0.081535442173481
26670,0.0699375569820404,0.07512275606393815,0.06416404247283936,0.07769975811243057
26920,0.07416081428527832,0.07516629740595818,0.09797781705856323,0.08218610435724258
27091,0.06474842876195908,0.0749348196387291,0.08094170689582825,0.0817227765917778
27341,0.08671920746564865,0.07469118520617485,0.0886102244257927,0.0813568040728569
27591,0.07908715307712555,0.07478748425841332,0.09333984553813934,0.08500672727823258
27723,0.07378004491329193,0.07473409384489059,0.0847075879573822,0.08911543637514115
27841,0.06640121340751648,0.0743448942899704,0.08802276849746704,0.0871244266629219
28091,0.06525251269340515,0.07397361233830452,0.07116790860891342,0.08516966700553893
28262,0.05974240228533745,0.07384791545569896,0.06585165858268738,0.08061795383691787
28512,0.07432469725608826,0.0738916077464819,0.08771218359470367,0.07949242144823074
28762,0.06652263551950455,0.07386380650103092,0.08858276903629303,0.08026745766401291
29012,0.06535688787698746,0.07348718874156475,0.10318206250667572,0.08329931646585464
29262,0.07354574650526047,0.0733225741237402,0.08404304832220078,0.08587434440851212
29433,0.07213635742664337,0.07332234866917134,0.0905197486281395,0.09080796241760254
29683,0.0704006552696228,0.07326783306896686,0.08725760877132416,0.09071704745292664
29723,0.07772590965032578,0.07336579389870167,0.06460386514663696,0.08592126667499542
29933,0.07080759108066559,0.07327285774052143,0.08256980776786804,0.08179881572723388
30183,0.0706532746553421,0.07331447549164295,0.08479444682598114,0.08194909542798996
30433,0.07505283504724503,0.07304782249033451,0.05752798914909363,0.07535074353218078
30604,0.05761890113353729,0.0727990510314703,0.08724375814199448,0.07534797340631486
30854,0.07494242489337921,0.07273416571319104,0.09104081243276596,0.08063536286354064
31104,0.06237104535102844,0.0722727269679308,0.08981528878211975,0.08208445906639099
31354,0.07804115116596222,0.07249367766082288,0.08672153949737549,0.08246987760066986
31604,0.07373639941215515,0.07226738028228283,0.07952429354190826,0.08686913847923279
31723,0.07732170820236206,0.0722491466253996,0.08051931858062744,0.08552425056695938
31775,0.06728799641132355,0.07188102103769779,0.0705735981464386,0.08143080770969391
32025,0.06923674046993256,0.07172728307545186,0.07347217202186584,0.07816218435764313
32275,0.05705142766237259,0.07119431547820568,0.08649475872516632,0.07811682820320129
32525,0.07951374351978302,0.0716251003742218,0.11015842854976654,0.08424365520477295
32775,0.07248161733150482,0.07162592992186546,0.08845406770706177,0.08583060503005982
32946,0.07301077246665955,0.07129111930727959,0.07129298150539398,0.08597448170185089
33196,0.07573892176151276,0.0710693983733654,0.07022444903850555,0.08532493710517883
33446,0.06651952117681503,0.07095980942249298,0.09310808777809143,0.08664760291576386
33696,0.07908444106578827,0.0710470125079155,0.07725618779659271,0.08006715476512909
33723,0.06679274141788483,0.07086842507123947,0.10675281286239624,0.08372690379619599
33946,0.06125326082110405,0.0707326789945364,0.08797696232795715,0.08706369996070862
34117,0.06936485320329666,0.07061529092490673,0.07517338544130325,0.08805348724126816
34367,0.07325509190559387,0.07052019096910954,0.07677148282527924,0.08478616625070572
34617,0.07751154154539108,0.07055029578506947,0.09620516002178192,0.08857596069574356
34867,0.07877936959266663,0.07088609732687473,0.07173660397529602,0.08157271891832352
35117,0.07913752645254135,0.07105947814881802,0.07917704433202744,0.07981273531913757
35288,0.08903314918279648,0.07131238915026188,0.08128561079502106,0.08103518038988114
35538,0.06679695844650269,0.07135768420994282,0.07254862040281296,0.08019060790538787
35723,0.07202020287513733,0.0716436679661274,0.08435644954442978,0.07782086580991746
35788,0.06598936021327972,0.07143195167183876,0.08099470287561417,0.07967248558998108
36038,0.07364771515130997,0.07157740965485573,0.07301011681556702,0.078439100086689
36288,0.07756081223487854,0.0717075701057911,0.08753260970115662,0.07968849986791611
